month,rows,gnd_counts,old_main_red_W,new_main_red_W,old_main_black_W,new_main_black_W,old_mains_W,new_mains_W,mains_correction_pct,old_gnd_strip_W,new_gnd_strip_W
2018-12,193411,299.5,1295.9,1295.9,389.7,425.9,1685.7,1721.8,2.15,89.7,10.9
2019-01,295236,291.5,1283.2,1283.2,1105.8,1186.3,2389.0,2469.6,3.37,103.5,34.0
2019-02,296144,288.5,1257.4,1257.4,1153.0,1232.8,2410.4,2490.2,3.31,103.8,4.0
2019-03,353052,287.8,1056.5,1056.5,1088.1,1167.6,2144.6,2224.1,3.71,109.3,48.4
2019-04,313432,289.9,953.2,953.2,1074.5,1154.6,2027.6,2107.8,3.95,105.1,72.4
2019-05,343869,290.5,845.3,845.3,1000.1,1080.4,1845.4,1925.7,4.35,117.4,90.0
2019-06,356449,301.1,877.8,877.8,1002.2,1085.4,1880.0,1963.2,4.43,103.6,6.7
2019-07,421916,307.3,1165.5,1165.5,1186.2,1271.1,2351.7,2436.6,3.61,130.9,85.9
2019-08,403330,311.0,1019.6,1019.6,1106.7,1192.6,2126.3,2212.2,4.04,136.6,116.0
2019-09,359142,305.9,755.3,755.3,979.8,1064.4,1735.1,1819.7,4.87,147.4,149.7
2019-10,372765,305.5,775.1,775.1,1019.6,1104.0,1794.7,1879.1,4.7,151.4,156.0
2019-11,400508,300.8,996.3,996.3,1073.3,1156.4,2069.6,2152.7,4.02,123.3,113.7
2019-12,263859,293.6,1122.2,1122.2,1102.0,1183.1,2224.2,2305.3,3.64,108.4,77.8
2020-01,322958,289.5,1054.9,1054.9,922.8,1002.8,1977.7,2057.7,4.05,88.7,14.7
2020-02,241092,288.5,989.0,989.0,921.9,1001.7,1910.9,1990.7,4.18,90.5,33.0
2020-03,43422,294.1,1167.0,1166.9,1094.1,1174.9,2261.1,2341.8,3.57,99.8,19.5
2020-04,149276,293.0,1038.1,1038.1,939.9,1020.9,1978.1,2059.0,4.09,96.0,36.5
2020-06,138827,307.1,1201.1,1201.1,1171.4,1256.3,2372.5,2457.4,3.58,125.8,61.3
2020-07,378314,304.4,1168.2,1168.2,988.7,1072.8,2156.9,2241.0,3.9,117.3,32.4
2020-08,325543,306.2,1142.6,1142.6,1020.3,1105.0,2162.9,2247.6,3.91,123.1,52.7
2020-09,352154,305.2,1068.6,1068.7,1092.9,1177.2,2161.5,2245.9,3.9,133.4,96.6
2020-10,315398,299.8,1071.9,1071.9,997.5,1080.3,2069.4,2152.2,4.0,100.7,26.2
2020-11,373817,299.8,1003.2,1003.2,1071.2,1154.0,2074.4,2157.2,3.99,106.8,70.2
2020-12,384127,294.7,1195.6,1195.6,1082.7,1164.2,2278.3,2359.8,3.58,101.7,8.6
2021-01,325940,291.2,1120.5,1120.5,1161.4,1242.0,2281.9,2362.5,3.53,113.1,69.9
2021-04,275939,286.4,993.2,993.2,1124.3,1203.5,2117.5,2196.7,3.74,114.9,71.6
2021-05,437320,289.1,947.7,947.7,1132.3,1212.2,2080.0,2159.9,3.84,126.9,89.2
2021-06,448764,299.6,1138.6,1138.6,1122.6,1205.4,2261.2,2344.0,3.66,136.7,48.2
2021-07,129049,303.1,1058.0,1058.0,1221.9,1305.7,2279.9,2363.7,3.67,146.3,95.3
2021-08,61172,303.6,1301.5,1301.6,1305.4,1389.2,2606.9,2690.8,3.22,145.9,50.7
2021-10,201902,295.0,775.8,775.9,1118.0,1199.6,1893.9,1975.5,4.31,150.3,149.0
2021-11,200960,291.9,858.9,859.0,1130.3,1211.0,1989.2,2070.0,4.06,136.1,133.4
2022-04,150129,297.9,897.1,897.2,1320.4,1402.7,2217.5,2299.9,3.71,114.4,88.6
2022-05,410421,302.6,856.4,856.5,1255.6,1339.2,2112.0,2195.7,3.96,149.4,130.3
2022-06,407249,306.6,890.5,890.5,1175.9,1260.7,2066.4,2151.2,4.1,139.9,83.4
2022-07,439544,305.3,1294.3,1294.3,1171.2,1255.6,2465.5,2549.9,3.42,159.6,80.8
2022-08,402689,310.3,1256.3,1256.3,1159.8,1245.6,2416.1,2501.9,3.55,139.5,57.5
2022-09,340237,315.2,859.9,860.0,1173.9,1261.0,2033.8,2121.0,4.29,136.1,112.6
2022-10,175925,295.8,877.0,877.1,1080.1,1161.9,1957.1,2039.1,4.19,98.8,65.8
2022-11,71512,294.3,950.7,950.8,1149.4,1230.5,2100.1,2181.2,3.86,107.2,66.2
2022-12,28475,316.8,954.7,954.7,1304.1,1391.2,2258.8,2345.8,3.85,132.2,124.6
2023-01,332147,303.0,1034.3,1034.4,1256.9,1340.6,2291.2,2375.0,3.66,111.3,59.1
2023-02,197259,296.5,886.0,886.1,1114.3,1196.3,2000.3,2082.3,4.1,108.8,69.1
2023-03,364818,299.0,867.6,867.6,1126.7,1209.3,1994.2,2076.9,4.15,123.8,97.7
2023-04,8584,308.0,918.5,918.5,1421.5,1504.6,2340.0,2423.1,3.55,125.2,137.5
2023-05,324534,302.6,870.3,870.3,1111.6,1195.3,1981.9,2065.6,4.22,148.0,124.5
2023-06,332471,308.6,851.3,851.4,1133.9,1219.3,1985.2,2070.6,4.3,140.7,118.5
2023-07,360834,313.7,1140.0,1140.0,1255.5,1342.2,2395.5,2482.3,3.62,138.9,51.2
2023-08,356587,320.2,840.8,840.8,1049.3,1137.8,1890.1,1978.7,4.69,145.0,126.9
2023-09,267867,318.9,992.8,993.0,1226.7,1314.9,2219.5,2307.9,3.98,139.4,105.8
2023-10,368644,316.5,815.2,815.2,1192.7,1280.1,2007.9,2095.3,4.35,152.3,137.0
2023-11,428200,313.7,921.2,921.2,1188.5,1275.2,2109.7,2196.4,4.11,131.1,109.9
2023-12,351720,307.5,990.1,990.2,1214.9,1299.9,2205.0,2290.1,3.86,125.2,99.1
2024-01,83076,309.0,999.7,999.7,1194.1,1279.6,2193.8,2279.3,3.89,117.6,91.9
2024-02,80767,300.4,831.3,831.2,1180.2,1262.9,2011.5,2094.2,4.11,179.1,192.4
2024-03,387060,298.2,885.3,885.3,1380.3,1462.8,2265.6,2348.1,3.64,222.5,234.2
2024-04,329042,300.7,888.5,888.6,1357.0,1440.2,2245.6,2328.8,3.7,235.3,249.7
2024-05,3458,294.8,1051.1,1051.7,1309.7,1392.2,2360.8,2443.8,3.52,153.5,116.7
2024-08,288185,329.3,1217.9,1218.0,1336.5,1427.6,2554.5,2645.6,3.57,384.2,330.8
2024-09,274791,323.4,1091.8,1091.9,1157.1,1246.5,2248.9,2338.4,3.98,351.8,351.2
2024-10,306675,308.2,975.6,975.6,1085.7,1170.9,2061.4,2146.5,4.13,0.5,2.8
2024-11,201488,306.6,861.2,861.3,1146.5,1231.4,2007.7,2092.7,4.23,1.8,1.4
2024-12,26250,289.3,987.7,989.5,1061.6,1143.9,2049.3,2133.3,4.1,6.7,5.9
2025-01,17991,281.0,1028.6,1031.7,1201.8,1283.0,2230.4,2314.7,3.78,7.2,6.6
2025-02,33862,289.5,971.6,973.3,1004.5,1086.4,1976.1,2059.6,4.23,8.9,8.7
2025-03,34582,292.1,935.0,936.2,1063.6,1145.9,1998.5,2082.1,4.18,5.8,4.8
2025-04,28440,289.9,885.9,887.4,1101.1,1182.9,1987.0,2070.3,4.19,3.0,1.4
2025-05,10956,289.7,721.9,724.2,924.4,1004.7,1646.3,1728.9,5.02,3.8,2.6
2025-06,25758,293.6,1048.0,1049.6,1054.3,1137.2,2102.2,2186.8,4.02,7.4,6.9
2025-12,136114,562.8,1299.2,1299.2,1114.2,1269.7,2413.5,2569.0,6.44,20.2,19.7
2026-01,345339,549.0,1200.7,1200.7,1075.3,1227.0,2276.0,2427.7,6.67,18.1,17.2
2026-02,357172,540.9,1123.8,1123.8,1127.9,1277.4,2251.7,2401.2,6.64,15.4,14.2
2026-03,357950,549.6,1063.5,1063.5,1088.9,1240.8,2152.4,2304.3,7.06,14.0,12.6
2026-04,314989,558.6,1101.6,1101.6,1095.8,1250.2,2197.4,2351.8,7.02,14.6,13.3
2026-05,134429,554.5,1013.2,1013.0,1105.8,1258.8,2119.0,2271.8,7.21,11.8,9.6
2026-06,115784,487.6,1166.8,1166.8,1274.3,1409.1,2441.2,2575.9,5.52,15.5,14.0
2026-07,95224,508.8,835.9,835.9,1155.6,1296.2,1991.5,2132.1,7.06,13.9,11.5
2026-08,98066,497.4,1154.0,1154.1,1749.2,1886.7,2903.2,3040.7,4.74,139.9,137.4
2026-09,32692,505.6,1143.1,1143.1,1396.3,1536.0,2539.4,2679.2,5.5,238.3,237.4
